speed_kmh,commanded_accel,steering_angle,obstacle_dist_m,cmd_freq_per_sec,operator_reaction_ms,label
63.3,0.58,-16.4,57.0,1.4,530.0,normal
23.4,0.5,-0.7,33.4,49.0,39.0,anomaly
61.9,-0.74,18.8,53.6,2.7,244.0,normal
78.1,1.16,-4.4,4.0,3.3,380.0,anomaly
15.6,0.44,-8.8,17.1,5.5,306.0,normal
127.6,-0.45,40.4,18.7,2.3,525.0,anomaly
3.3,-0.83,8.7,21.1,1.5,207.0,normal
28.5,0.97,4.2,35.2,1.7,292.0,normal
49.5,-0.8,-16.6,74.6,1.5,693.0,normal
30.1,0.62,19.5,27.8,5.2,429.0,normal
39.9,-0.16,16.6,45.8,5.1,579.0,normal
26.2,1.09,1.1,2.7,2.4,715.0,anomaly
6.2,0.91,-10.1,88.1,25.1,44.0,anomaly
75.1,-0.64,-17.3,78.0,5.0,705.0,normal
108.9,-0.44,79.8,94.9,5.5,773.0,anomaly
32.6,1.71,-7.1,2.0,7.1,293.0,anomaly
20.0,-0.02,-11.2,99.0,7.6,224.0,normal
23.6,-0.97,9.5,85.9,6.2,286.0,normal
1.2,-0.24,-6.5,16.6,1.9,448.0,normal
40.4,0.65,-7.2,91.1,3.7,207.0,normal
31.4,-0.04,4.0,39.8,5.9,716.0,normal
80.9,0.3,-53.4,77.1,3.9,547.0,anomaly
87.7,-0.5,-50.0,33.5,5.6,580.0,anomaly
4.6,-0.44,-9.5,36.0,7.3,350.0,normal
56.3,0.68,-3.3,1.1,5.8,324.0,anomaly
4.2,0.57,-11.9,37.0,2.2,398.0,normal
27.3,-0.77,17.0,89.6,2.8,596.0,normal
76.2,0.44,17.2,59.8,27.8,12.0,anomaly
79.8,-0.27,36.3,86.0,7.8,281.0,anomaly
76.0,1.32,-6.0,3.2,6.2,643.0,anomaly
28.3,-0.53,11.2,38.4,6.8,454.0,normal
34.1,0.23,-16.7,22.5,25.2,31.0,anomaly
5.3,0.04,-14.0,77.7,4.6,608.0,normal
41.4,1.03,6.6,4.0,3.2,748.0,anomaly
69.6,1.29,5.5,1.5,3.4,218.0,anomaly
126.1,0.19,80.3,62.3,6.5,210.0,anomaly
29.1,0.94,18.5,36.4,4.5,381.0,normal
34.0,0.69,-4.9,2.1,5.7,238.0,anomaly
5.7,0.37,-10.3,75.7,6.8,682.0,normal
54.8,-0.14,-12.0,56.8,1.4,549.0,normal
65.2,-0.44,-15.3,74.2,5.4,726.0,normal
11.2,-0.94,-7.7,74.9,2.4,604.0,normal
56.3,0.08,-16.1,35.6,1.1,481.0,normal
110.5,-0.1,-42.3,28.5,7.6,728.0,anomaly
70.4,0.48,88.1,48.6,6.1,407.0,anomaly
73.7,1.86,-3.7,3.5,2.9,314.0,anomaly
31.8,-0.73,2.7,73.6,6.6,320.0,normal
32.0,1.82,4.8,0.6,2.7,329.0,anomaly
68.5,0.4,9.1,62.8,7.6,498.0,normal
27.3,0.3,-17.3,91.3,23.6,23.0,anomaly
67.8,-0.95,15.9,81.6,6.5,475.0,normal
14.7,0.79,6.2,27.9,4.1,569.0,normal
78.1,0.6,3.0,0.8,3.6,682.0,anomaly
27.7,0.95,5.6,84.9,1.9,717.0,normal
43.6,-0.99,-7.0,46.1,3.8,617.0,normal
11.4,-0.0,4.7,74.7,4.9,206.0,normal
26.7,-0.2,1.5,93.2,3.4,408.0,normal
24.5,0.58,-2.1,82.9,6.8,715.0,normal
21.2,-0.96,-16.7,97.3,3.1,662.0,normal
43.5,1.84,-5.9,2.7,3.9,211.0,anomaly
70.2,0.48,7.9,74.7,3.5,376.0,normal
60.1,-0.86,-16.8,45.2,7.6,601.0,normal
74.4,-0.22,54.2,81.5,7.9,344.0,anomaly
39.4,-0.19,1.2,65.6,1.1,478.0,normal
73.7,0.23,11.9,55.9,1.8,275.0,normal
24.1,0.42,-17.3,64.5,3.4,573.0,normal
110.8,-0.44,-36.9,48.3,5.9,316.0,anomaly
78.6,0.65,-9.8,2.4,1.6,649.0,anomaly
26.8,-0.95,-19.0,85.7,2.9,511.0,normal
77.1,0.04,7.1,41.5,6.4,664.0,normal
31.1,1.01,-1.4,4.2,1.8,641.0,anomaly
31.8,1.61,-4.3,4.0,8.0,218.0,anomaly
28.6,0.27,-12.5,78.7,36.4,18.0,anomaly
12.8,-0.08,-19.6,36.0,6.1,795.0,normal
47.3,-0.2,-17.8,43.5,6.6,203.0,normal
44.7,-0.31,17.3,93.4,35.1,23.0,anomaly
50.7,-0.75,7.0,42.6,5.8,242.0,normal
21.9,0.61,-12.2,44.4,3.3,787.0,normal
31.1,0.29,-1.7,61.4,7.6,432.0,normal
119.0,0.43,40.2,53.3,3.4,722.0,anomaly
57.8,0.87,4.1,2.4,4.1,590.0,anomaly
70.9,0.23,-10.7,17.1,7.1,213.0,normal
29.9,0.5,4.4,3.7,4.6,297.0,anomaly
68.7,-0.14,10.0,79.1,1.7,742.0,normal
76.2,0.48,3.9,89.9,21.5,20.0,anomaly
36.9,0.66,13.2,75.3,23.2,44.0,anomaly
77.7,-0.34,-0.7,31.7,5.3,368.0,normal
18.4,-1.0,9.2,97.2,2.6,598.0,normal
27.2,0.63,-16.8,91.1,4.8,690.0,normal
47.3,1.51,3.6,2.1,7.6,300.0,anomaly
19.1,-0.1,19.4,80.6,1.2,239.0,normal
35.2,0.51,4.5,2.9,6.9,693.0,anomaly
9.9,-0.86,16.4,31.2,44.6,32.0,anomaly
50.2,-0.62,-14.2,94.7,47.5,45.0,anomaly
53.7,0.39,-5.5,89.7,41.8,15.0,anomaly
56.4,0.38,-5.0,29.2,4.0,286.0,normal
0.9,-0.06,-17.7,25.1,1.8,590.0,normal
62.4,-0.79,10.4,61.0,7.7,405.0,normal
54.6,1.2,-7.6,4.8,2.5,240.0,anomaly
58.8,-0.95,3.4,95.0,25.2,29.0,anomaly
65.9,1.44,5.2,0.7,6.9,572.0,anomaly
48.2,0.65,19.4,39.5,7.7,434.0,normal
38.8,0.91,2.0,4.3,7.6,264.0,anomaly
20.5,0.31,-12.1,63.1,4.2,783.0,normal
93.1,-1.83,-0.7,12.8,4.4,676.0,normal
49.8,0.26,9.3,26.2,6.0,745.0,normal
108.5,-0.24,83.7,91.1,3.1,338.0,anomaly
33.6,0.28,-4.1,38.3,7.9,446.0,normal
124.4,0.49,-46.5,45.2,5.7,490.0,anomaly
55.8,0.36,4.7,79.0,2.1,729.0,normal
113.0,-1.71,3.0,13.6,4.2,485.0,normal
43.1,0.98,14.3,23.3,41.2,24.0,anomaly
56.4,0.48,7.1,36.4,46.2,17.0,anomaly
40.6,-0.18,12.4,86.0,3.3,616.0,normal
69.6,-0.82,11.1,87.0,25.5,27.0,anomaly
56.9,0.96,2.8,37.1,4.1,556.0,normal
28.2,-0.91,-12.8,48.3,48.4,16.0,anomaly
90.1,-1.69,4.3,14.6,4.6,472.0,normal
11.8,0.85,-0.3,37.0,4.2,788.0,normal
70.9,-1.87,-0.5,11.9,6.1,797.0,normal
51.4,-0.16,5.4,81.8,1.8,446.0,normal
12.0,-0.35,9.5,55.5,3.6,437.0,normal
21.5,0.6,-7.6,53.7,1.1,243.0,normal
23.8,-0.79,11.3,69.8,1.3,416.0,normal
11.1,0.97,-10.0,21.2,39.9,34.0,anomaly
17.9,0.93,-19.5,97.4,1.3,735.0,normal
55.4,0.98,-14.9,23.8,6.1,547.0,normal
20.2,-0.11,-15.1,32.5,20.0,12.0,anomaly
64.3,0.86,-3.8,92.0,3.3,486.0,normal
6.8,0.99,0.1,65.6,1.5,650.0,normal
72.9,1.82,3.2,1.4,7.0,732.0,anomaly
94.9,0.05,-57.2,59.2,8.0,281.0,anomaly
55.5,0.03,-7.8,33.1,1.2,382.0,normal
79.2,-0.17,-5.1,81.0,3.4,758.0,normal
34.4,-0.76,0.5,44.7,31.2,35.0,anomaly
1.5,-0.48,10.4,26.7,4.7,329.0,normal
67.8,0.76,3.5,1.5,2.5,724.0,anomaly
104.9,-1.62,-0.9,13.8,5.5,740.0,normal
59.4,0.7,-3.1,40.7,3.3,628.0,normal
16.5,-0.78,-9.2,19.9,4.7,762.0,normal
41.5,-0.04,-19.0,44.0,3.7,439.0,normal
10.2,0.04,10.8,33.3,5.4,251.0,normal
75.0,-0.11,40.5,16.4,5.6,561.0,anomaly
73.5,-0.5,10.2,54.1,6.9,637.0,normal
79.7,0.16,-89.9,53.4,3.5,440.0,anomaly
2.9,-0.39,-9.5,45.6,1.6,762.0,normal
100.9,-1.5,1.1,8.7,6.4,302.0,normal
64.0,0.39,-9.1,65.2,3.5,255.0,normal
29.3,1.92,4.7,4.4,2.4,553.0,anomaly
71.0,0.56,5.7,22.2,2.1,739.0,normal
65.4,0.11,1.2,35.6,1.7,738.0,normal
109.6,0.08,-82.6,39.6,4.3,572.0,anomaly
23.1,0.8,-15.4,96.3,3.2,733.0,normal
55.4,1.42,2.8,1.6,6.0,255.0,anomaly
9.8,0.78,0.1,53.2,5.1,575.0,normal
34.5,-0.74,-8.6,45.9,5.5,542.0,normal
59.7,0.17,18.5,46.9,3.0,721.0,normal
72.8,0.44,1.3,88.9,1.9,674.0,normal
40.5,0.68,9.3,61.1,5.1,505.0,normal
22.2,-0.62,-1.5,45.0,5.1,247.0,normal
47.1,-0.04,5.7,20.5,5.1,537.0,normal
63.9,1.74,-7.1,4.2,4.8,707.0,anomaly
127.5,0.07,-63.3,22.2,4.8,428.0,anomaly
52.1,0.24,-5.9,86.5,4.3,787.0,normal
65.3,-0.64,-5.2,91.7,6.6,791.0,normal
68.3,-0.52,18.4,31.7,7.7,797.0,normal
48.6,-0.66,-17.4,95.7,7.8,685.0,normal
76.4,0.48,2.2,67.0,3.9,349.0,normal
129.4,0.18,-87.2,27.1,3.7,533.0,anomaly
64.6,-0.08,1.9,51.8,1.3,299.0,normal
39.9,-0.85,-17.7,43.4,6.5,625.0,normal
33.8,-0.92,9.6,93.0,3.0,715.0,normal
39.4,-0.34,5.3,35.4,1.5,277.0,normal
48.6,-0.41,-14.5,70.4,6.2,389.0,normal
50.0,1.54,3.9,3.4,2.9,294.0,anomaly
85.7,-2.0,1.5,10.1,4.1,780.0,normal
70.2,0.75,-9.6,3.9,5.3,620.0,anomaly
32.6,0.77,-18.1,96.7,40.4,35.0,anomaly
72.7,-0.52,-14.2,56.6,7.9,345.0,normal
54.8,-0.67,16.4,84.9,7.6,635.0,normal
31.1,-0.46,13.1,45.3,3.0,526.0,normal
21.8,0.52,-2.0,81.0,1.5,493.0,normal
80.0,-0.9,19.1,49.6,7.1,669.0,normal
110.4,0.35,52.8,72.5,5.2,562.0,anomaly
10.2,-0.32,17.1,34.1,3.6,459.0,normal
25.0,1.23,-4.0,3.0,6.6,282.0,anomaly
20.4,0.36,10.4,65.6,4.3,447.0,normal
66.2,0.47,10.8,15.9,3.9,489.0,normal
49.3,-0.62,-5.8,81.6,4.9,203.0,normal
51.6,-0.65,7.6,47.9,7.6,283.0,normal
28.5,0.52,-19.4,24.9,1.3,224.0,normal
45.9,0.91,-12.0,24.3,7.0,463.0,normal
49.4,1.47,-5.4,2.9,3.6,597.0,anomaly
96.9,-1.71,0.7,8.3,3.2,264.0,normal
23.4,0.82,10.2,83.4,1.1,778.0,normal
3.6,-0.44,18.0,90.7,4.2,572.0,normal
59.5,1.9,6.4,3.0,5.6,739.0,anomaly
7.5,0.82,6.8,85.5,7.2,543.0,normal
71.3,-1.98,-0.5,13.2,7.2,252.0,normal
41.8,-0.4,-16.9,57.6,6.6,624.0,normal
16.3,-0.16,-11.2,15.0,47.5,44.0,anomaly
67.0,1.35,-3.7,3.4,2.6,209.0,anomaly
110.9,-0.18,42.3,68.8,1.9,547.0,anomaly
4.6,0.39,19.3,35.3,2.0,273.0,normal
103.1,0.1,-83.0,64.0,3.4,682.0,anomaly
43.5,0.85,-5.6,4.7,5.3,534.0,anomaly
56.8,-0.37,-1.2,84.8,4.2,415.0,normal
76.5,-0.25,-6.4,20.3,34.6,14.0,anomaly
44.2,0.48,-0.6,22.3,49.2,31.0,anomaly
119.7,0.28,-50.2,95.0,1.9,725.0,anomaly
46.2,-0.91,-15.1,62.5,3.4,638.0,normal
60.4,1.7,-5.0,3.2,5.0,700.0,anomaly
20.8,0.81,6.8,62.6,1.8,468.0,normal
73.7,-0.43,-66.6,63.1,7.1,535.0,anomaly
61.7,0.31,-13.9,89.5,4.8,369.0,normal
46.4,-0.72,-2.2,68.2,4.4,441.0,normal
60.9,-0.26,-4.3,79.1,7.4,771.0,normal
1.0,-0.52,19.0,83.1,7.7,493.0,normal
2.8,0.82,-9.6,71.3,3.2,512.0,normal
9.6,-0.47,-19.3,39.9,6.4,511.0,normal
11.1,0.67,19.4,59.7,2.2,363.0,normal
68.6,0.81,-8.9,98.6,2.0,321.0,normal
18.1,0.28,19.2,66.3,3.5,589.0,normal
16.5,-0.27,0.1,73.7,1.3,680.0,normal
3.7,0.74,18.9,97.4,6.2,278.0,normal
68.1,1.09,5.0,1.1,6.4,342.0,anomaly
65.9,1.11,3.1,1.6,2.1,296.0,anomaly
25.3,-0.89,4.4,35.5,31.6,13.0,anomaly
20.4,-0.28,-1.1,18.9,2.0,366.0,normal
76.5,0.48,-5.9,40.2,3.4,665.0,normal
46.2,0.73,19.2,49.6,6.8,659.0,normal
121.5,-1.85,-3.1,6.3,3.1,668.0,normal
35.9,0.44,15.4,65.4,3.7,448.0,normal
66.6,-0.58,-12.7,30.6,3.1,515.0,normal
38.9,-0.49,-8.6,41.1,6.6,523.0,normal
26.8,1.11,4.8,3.6,4.0,408.0,anomaly
10.5,0.73,-13.7,41.3,3.0,723.0,normal
21.9,-0.84,-16.6,91.0,2.3,394.0,normal
69.9,0.19,4.0,71.5,2.2,749.0,normal
60.4,0.62,9.0,4.2,6.6,694.0,anomaly
3.3,-0.36,2.4,87.9,40.0,27.0,anomaly
79.9,0.99,5.0,4.0,7.0,799.0,anomaly
48.8,-0.73,10.1,70.8,7.7,241.0,normal
44.2,0.04,-14.3,80.9,2.9,498.0,normal
78.4,0.2,3.3,78.6,6.7,594.0,normal
28.8,-0.46,13.7,41.6,6.5,735.0,normal
76.2,0.6,6.5,1.8,4.1,213.0,anomaly
4.6,-0.32,-9.2,97.1,4.9,408.0,normal
121.2,-1.75,1.0,7.3,4.8,617.0,normal
8.1,-0.52,-14.3,44.6,4.2,649.0,normal
40.1,0.6,9.5,4.1,7.0,763.0,anomaly
126.3,-0.32,-69.3,33.9,3.2,528.0,anomaly
83.9,0.37,-86.0,50.7,1.4,224.0,anomaly
62.4,-0.92,-0.8,23.9,2.7,792.0,normal
76.6,-0.15,-1.0,91.3,35.8,38.0,anomaly
42.2,0.99,-17.0,62.1,7.8,514.0,normal
8.0,-0.51,8.9,87.7,6.8,438.0,normal
18.2,-0.58,4.4,49.9,6.9,740.0,normal
47.5,1.59,1.5,3.4,6.4,717.0,anomaly
14.9,-0.83,-2.6,71.0,33.1,21.0,anomaly
16.6,0.03,-19.8,15.7,2.5,222.0,normal
34.0,-0.92,-14.9,80.1,1.0,450.0,normal
55.7,0.84,8.3,28.0,5.0,564.0,normal
38.2,0.44,-10.1,69.5,5.7,298.0,normal
74.1,0.81,-8.7,4.4,3.7,525.0,anomaly
45.9,1.97,-8.6,2.8,2.3,782.0,anomaly
110.3,0.31,87.1,49.0,6.5,360.0,anomaly
70.5,0.83,-2.4,4.1,6.8,431.0,anomaly
7.3,0.25,2.0,49.6,35.6,46.0,anomaly
73.8,-0.03,4.3,80.0,2.2,502.0,normal
111.9,0.4,78.6,72.5,5.8,768.0,anomaly
112.1,0.06,-54.7,92.5,1.1,389.0,anomaly
55.1,-0.12,-9.8,86.5,1.3,741.0,normal
18.4,-0.76,-16.9,74.2,3.4,635.0,normal
102.3,-1.54,-1.1,13.3,1.9,761.0,normal
75.5,0.92,0.9,98.1,6.3,297.0,normal
15.7,-0.53,-8.0,69.6,38.0,38.0,anomaly
61.1,-0.78,19.3,47.4,43.3,24.0,anomaly
76.3,0.21,-10.9,72.1,5.3,415.0,normal
39.2,0.06,-6.6,59.1,25.9,42.0,anomaly
49.1,-0.67,19.6,34.7,7.6,590.0,normal
82.5,-1.93,-3.0,12.7,4.0,539.0,normal
1.1,0.02,10.8,94.5,47.3,43.0,anomaly
50.5,-0.1,-8.3,42.9,5.7,651.0,normal
46.7,-0.2,-1.5,95.5,2.1,552.0,normal
27.6,0.79,9.0,1.3,5.0,548.0,anomaly
76.0,0.16,-2.5,64.3,4.6,655.0,normal
78.8,0.68,-15.0,93.3,7.1,511.0,normal
58.3,-0.01,7.5,52.0,2.7,691.0,normal
3.3,0.18,7.1,16.4,4.6,336.0,normal
56.4,0.63,1.9,97.2,1.4,503.0,normal
69.7,-0.94,13.0,26.0,3.3,646.0,normal
3.5,-0.67,-14.7,76.7,6.7,328.0,normal
93.0,-0.28,-59.3,19.1,6.7,696.0,anomaly
51.9,0.55,-0.5,2.3,2.1,594.0,anomaly
25.0,0.53,-6.7,4.4,2.7,413.0,anomaly
1.0,0.33,-12.9,96.7,2.0,449.0,normal
5.2,-0.37,1.6,82.2,3.2,576.0,normal
24.4,-0.8,7.4,52.4,1.9,497.0,normal
41.3,0.58,-9.4,2.4,1.6,564.0,anomaly
71.4,-0.11,4.3,68.7,5.1,622.0,normal
56.5,-0.84,-16.6,98.9,3.6,422.0,normal
36.9,1.95,-9.8,3.7,5.9,574.0,anomaly
58.2,-0.01,-2.5,77.0,6.4,295.0,normal
86.7,-1.52,-3.6,10.8,3.0,367.0,normal
29.9,-0.46,5.8,49.7,1.2,294.0,normal
53.1,-0.05,13.8,83.5,5.1,721.0,normal
19.8,-0.68,14.9,33.6,7.8,402.0,normal
73.8,1.43,9.5,2.5,6.9,237.0,anomaly
71.1,-0.6,-8.6,39.6,31.3,26.0,anomaly
40.5,0.22,-19.3,89.1,7.5,539.0,normal
120.0,0.3,82.7,20.1,5.8,284.0,anomaly
67.2,-0.23,2.9,65.0,2.3,417.0,normal
65.3,-0.55,-11.0,60.6,5.2,548.0,normal
34.3,0.93,18.5,87.5,3.1,431.0,normal
42.4,0.6,-2.6,2.5,6.1,594.0,anomaly
63.1,-0.0,-16.5,60.7,5.1,647.0,normal
27.9,-0.78,12.3,95.6,1.5,773.0,normal
68.4,0.41,-1.0,23.3,4.4,484.0,normal
42.5,1.7,-2.7,0.9,4.9,707.0,anomaly
73.2,0.07,-13.7,74.2,6.6,390.0,normal
74.4,0.52,3.5,0.7,4.8,373.0,anomaly
22.8,-0.93,4.4,57.7,1.4,367.0,normal
75.0,-0.29,76.4,19.4,4.4,465.0,anomaly
22.7,-0.73,5.2,19.6,6.2,391.0,normal
57.0,0.33,18.6,79.7,7.7,622.0,normal
41.3,-0.35,11.8,38.0,4.1,247.0,normal
31.6,-0.92,-1.0,61.2,2.6,778.0,normal
61.0,0.62,-6.3,51.9,45.5,25.0,anomaly
104.8,0.44,-72.0,55.9,6.7,770.0,anomaly
79.0,-0.73,7.8,49.4,4.0,631.0,normal
112.7,-0.14,-49.0,16.1,4.8,711.0,anomaly
39.1,1.77,8.9,4.4,6.2,366.0,anomaly
111.4,-0.25,-51.9,67.2,7.3,686.0,anomaly
13.0,-0.97,2.4,59.8,6.0,734.0,normal
18.3,-0.85,-8.4,28.7,7.5,685.0,normal
59.0,-0.93,-1.0,43.6,47.6,10.0,anomaly
13.3,0.89,14.0,71.9,4.2,447.0,normal
78.0,0.97,7.9,60.6,3.2,688.0,normal
76.9,0.81,-12.2,20.9,1.7,211.0,normal
53.2,0.59,17.1,34.9,3.8,291.0,normal
12.2,-0.88,11.2,54.1,1.4,797.0,normal
14.0,0.71,-10.9,86.1,3.0,586.0,normal
128.0,-1.53,-1.7,10.7,7.4,204.0,normal
0.4,0.63,8.3,77.0,6.4,244.0,normal
48.6,0.03,-10.8,30.0,2.5,312.0,normal
50.9,-0.9,-9.7,20.1,5.2,612.0,normal
71.3,0.48,39.7,84.2,3.0,279.0,anomaly
5.8,-0.94,-9.7,54.3,7.1,636.0,normal
38.8,0.86,-5.7,2.4,7.4,504.0,anomaly
30.4,1.35,-4.1,4.6,6.7,790.0,anomaly
26.4,1.03,-1.7,3.5,5.6,242.0,anomaly
26.6,0.93,-3.8,1.6,4.6,521.0,anomaly
38.1,1.25,-8.9,2.7,7.5,263.0,anomaly
41.6,1.74,6.4,2.6,3.5,418.0,anomaly
61.4,-0.2,-0.8,68.3,7.1,790.0,normal
35.0,0.89,-10.0,4.3,6.5,576.0,anomaly
29.4,-0.88,-15.5,58.8,2.9,701.0,normal
55.4,-0.73,-8.0,45.5,6.6,367.0,normal
39.7,0.19,-6.6,80.5,1.7,245.0,normal
31.1,-0.1,-10.5,46.7,2.6,244.0,normal
122.5,0.33,-47.4,48.9,3.9,787.0,anomaly
36.9,0.98,-0.7,98.9,42.6,20.0,anomaly
65.0,0.89,19.4,79.0,3.6,250.0,normal
77.6,0.73,12.7,36.9,2.2,601.0,normal
62.1,1.52,-1.8,0.6,5.1,352.0,anomaly
30.4,-0.67,11.4,77.4,3.7,215.0,normal
49.5,-0.26,-1.5,78.5,1.3,351.0,normal
74.4,0.11,2.9,38.8,6.4,312.0,normal
41.7,0.95,-15.0,16.4,6.4,684.0,normal
44.2,0.12,15.1,49.3,1.9,217.0,normal
44.4,-0.42,-3.3,47.0,46.3,46.0,anomaly
61.5,0.89,14.0,36.0,4.2,277.0,normal
27.8,0.8,-19.1,71.4,7.7,536.0,normal
96.4,-1.74,-2.4,8.2,1.6,382.0,normal
63.5,0.88,4.9,78.0,44.2,44.0,anomaly
13.2,0.41,1.4,69.0,25.9,18.0,anomaly
71.3,1.82,-0.7,0.8,3.7,682.0,anomaly
62.5,0.51,-5.6,3.4,4.4,203.0,anomaly
28.0,0.18,-4.3,52.2,7.3,409.0,normal
11.3,0.6,-17.0,98.9,6.4,319.0,normal
104.3,-1.57,-3.6,10.7,7.1,550.0,normal
45.6,-0.81,4.6,99.2,2.0,511.0,normal
68.1,-0.37,-13.2,62.3,7.6,618.0,normal
23.9,0.88,-9.6,51.5,7.1,705.0,normal
69.8,0.46,12.3,71.0,5.8,710.0,normal
33.5,-0.08,-9.7,78.9,35.4,23.0,anomaly
50.0,1.12,7.4,3.3,4.7,269.0,anomaly
96.4,0.14,56.0,19.6,5.2,741.0,anomaly
46.1,-0.76,-18.5,19.5,45.0,15.0,anomaly
28.4,-0.43,-8.1,34.9,1.3,211.0,normal
36.1,0.65,-6.7,1.1,7.8,656.0,anomaly
57.5,-0.78,-18.6,99.5,27.0,12.0,anomaly
41.7,1.79,-1.9,1.9,4.2,657.0,anomaly
61.5,-0.16,-3.1,77.7,2.7,266.0,normal
80.6,0.49,59.4,60.2,7.1,797.0,anomaly
102.4,-0.42,-66.1,92.2,3.8,378.0,anomaly
115.3,0.09,80.6,21.8,4.3,578.0,anomaly
8.6,-0.32,12.1,63.6,4.6,376.0,normal
45.4,-0.49,18.5,56.1,6.6,530.0,normal
29.6,-0.9,10.7,50.4,6.8,710.0,normal
2.7,-0.87,16.3,26.8,4.7,447.0,normal
78.6,-0.35,58.8,65.6,1.6,764.0,anomaly
9.6,0.43,10.4,62.7,6.4,496.0,normal
34.6,-0.42,4.5,26.9,3.0,420.0,normal
86.5,0.21,-49.9,91.9,3.6,530.0,anomaly
14.5,0.36,-12.7,59.6,6.0,264.0,normal
79.3,0.09,18.5,21.4,3.6,335.0,normal
22.6,-0.29,15.8,95.4,7.2,452.0,normal
60.1,0.62,17.8,41.6,45.8,15.0,anomaly
42.7,-0.72,-19.5,50.9,3.1,492.0,normal
18.3,0.99,19.0,70.3,2.4,608.0,normal
24.2,0.78,3.3,4.4,6.7,611.0,anomaly
15.7,-0.72,4.9,81.4,5.0,288.0,normal
7.1,-0.02,-16.9,49.6,3.8,240.0,normal
63.1,0.03,-2.4,27.5,3.3,460.0,normal
60.6,1.76,7.2,3.8,4.1,566.0,anomaly
47.8,0.84,-16.5,31.7,1.3,395.0,normal
48.3,0.34,4.8,54.4,3.7,718.0,normal
9.6,-0.32,17.7,42.5,4.6,622.0,normal
6.4,0.46,-12.5,87.9,6.7,524.0,normal
14.6,0.58,6.3,57.3,4.9,632.0,normal
65.0,0.73,-0.8,2.0,1.7,492.0,anomaly
64.2,0.72,-14.5,96.0,29.9,36.0,anomaly
95.7,-1.99,2.8,5.1,6.3,736.0,normal
77.2,0.99,-2.9,2.7,7.6,726.0,anomaly
68.0,0.12,0.9,24.8,7.0,634.0,normal
114.1,0.11,61.8,26.3,2.8,451.0,anomaly
51.3,0.6,-2.6,4.6,5.1,523.0,anomaly
52.4,-0.45,18.0,27.8,4.0,766.0,normal
3.3,-0.7,19.5,97.0,1.0,771.0,normal
60.4,0.24,8.2,33.1,2.0,209.0,normal
26.3,0.83,0.4,3.2,2.7,235.0,anomaly
51.6,-0.21,8.5,31.9,7.2,372.0,normal
98.7,0.43,53.3,54.6,1.1,249.0,anomaly
35.2,-0.79,5.6,33.4,5.3,590.0,normal
79.6,-0.65,-4.2,79.5,5.9,292.0,normal
23.8,-0.36,-13.4,81.6,23.7,35.0,anomaly
0.0,0.02,-18.1,38.5,5.9,238.0,normal
74.6,-0.5,71.9,69.6,3.9,494.0,anomaly
61.1,-0.72,14.7,56.4,7.3,680.0,normal
62.2,0.12,-3.0,92.0,1.8,496.0,normal
98.3,-1.89,-3.3,8.3,7.6,406.0,normal
66.9,1.63,6.1,2.8,2.0,603.0,anomaly
73.6,-0.01,19.7,87.4,2.5,758.0,normal
72.4,-0.82,-7.2,95.8,7.7,544.0,normal
34.5,0.56,-1.8,1.1,1.2,416.0,anomaly
29.8,-0.48,8.9,57.1,1.6,332.0,normal
16.1,0.07,-16.1,53.3,6.3,409.0,normal
115.6,-0.35,-43.2,37.8,3.5,445.0,anomaly
31.3,0.62,3.9,2.2,6.8,596.0,anomaly
3.1,-0.76,-1.9,94.4,3.2,504.0,normal
4.5,0.73,12.5,100.0,8.0,533.0,normal
54.0,0.02,14.5,88.6,20.3,41.0,anomaly
26.9,-0.73,-17.5,99.1,3.3,686.0,normal
9.4,0.88,5.1,43.5,2.0,676.0,normal
106.0,0.23,-52.3,48.4,2.7,258.0,anomaly
10.5,0.77,-2.0,31.5,3.6,448.0,normal
51.1,0.74,-1.8,58.8,4.4,600.0,normal
30.0,0.9,9.3,65.9,2.1,294.0,normal
118.6,-1.53,-4.1,6.6,7.7,523.0,normal
69.5,0.93,8.5,4.8,5.0,286.0,anomaly
103.6,-1.74,-4.0,5.2,7.7,426.0,normal
52.2,0.69,7.7,51.5,5.7,365.0,normal
29.6,1.51,-6.4,3.6,2.6,271.0,anomaly
49.6,0.07,15.8,82.0,2.1,387.0,normal
9.3,0.63,-4.8,89.6,7.1,684.0,normal
105.0,0.31,53.0,41.0,3.8,604.0,anomaly
23.1,0.16,-13.8,55.9,4.7,231.0,normal
14.4,-0.52,18.9,30.4,7.0,495.0,normal
29.0,0.65,-11.8,54.9,44.0,17.0,anomaly
104.4,-0.11,36.6,64.6,1.1,672.0,anomaly
13.9,-0.13,-4.1,67.3,5.4,227.0,normal
33.2,-0.16,11.4,31.6,44.6,36.0,anomaly
7.1,0.51,-14.9,85.2,6.5,625.0,normal
26.2,-0.7,-7.8,89.5,8.0,421.0,normal
44.0,0.99,-9.8,4.1,6.6,263.0,anomaly
32.1,0.12,-13.8,30.5,7.0,768.0,normal
77.6,-0.11,-43.9,77.4,2.5,235.0,anomaly
38.8,1.31,6.8,4.9,7.2,423.0,anomaly
11.8,-0.4,-16.4,92.4,20.2,29.0,anomaly
11.1,-0.98,1.8,97.9,31.1,24.0,anomaly
58.1,-0.39,13.2,38.9,7.1,268.0,normal
18.7,0.08,15.2,70.3,4.7,395.0,normal
29.9,0.67,0.9,4.5,3.4,640.0,anomaly
35.2,0.23,17.7,35.5,1.9,318.0,normal
60.3,0.54,6.3,80.1,6.9,568.0,normal
62.1,0.31,-12.9,61.3,7.9,762.0,normal
78.7,0.34,5.4,29.1,7.2,456.0,normal
63.9,0.3,8.1,82.6,7.2,403.0,normal
23.0,0.59,3.1,68.9,6.6,438.0,normal
24.1,0.2,-8.1,40.5,6.2,229.0,normal
62.4,-0.05,-0.1,32.4,5.1,312.0,normal
29.2,1.36,-4.5,4.6,5.1,556.0,anomaly
53.4,-0.81,5.0,53.4,5.1,301.0,normal
49.4,0.96,5.3,37.1,5.4,524.0,normal
113.1,-1.81,-4.1,9.6,3.8,720.0,normal
47.9,0.03,-8.5,15.5,34.9,21.0,anomaly
16.9,-0.35,-15.2,90.7,5.2,607.0,normal
93.2,-1.52,2.0,5.8,7.0,488.0,normal
5.6,0.28,-18.9,64.8,7.6,545.0,normal
76.2,-0.1,75.1,81.3,1.8,200.0,anomaly
48.6,0.09,-10.7,48.2,5.2,498.0,normal
65.4,1.16,4.1,2.2,2.6,558.0,anomaly
13.5,-0.44,-12.9,22.5,1.8,476.0,normal
17.0,0.31,-1.1,89.8,2.5,607.0,normal
21.2,0.2,-8.1,75.7,6.3,262.0,normal
70.4,0.74,-9.5,2.5,2.7,230.0,anomaly
30.2,-0.17,-18.4,38.3,48.7,48.0,anomaly
39.4,-0.34,-15.7,96.0,21.8,22.0,anomaly
56.4,0.85,-12.8,63.3,7.4,220.0,normal
79.0,-0.14,-4.6,72.8,2.5,770.0,normal
51.5,0.06,-18.3,97.3,6.6,376.0,normal
5.4,0.42,1.7,21.9,4.2,491.0,normal
108.6,-1.64,4.8,8.8,6.6,461.0,normal
53.4,-0.59,-8.3,91.2,1.1,251.0,normal
18.6,0.8,-4.6,61.2,7.3,575.0,normal
105.1,0.47,55.8,20.3,3.4,504.0,anomaly
4.1,0.06,1.6,69.2,6.1,786.0,normal
6.7,0.76,12.1,57.9,7.8,451.0,normal
78.2,-0.52,6.5,86.3,36.5,16.0,anomaly
16.8,0.8,-11.8,31.2,1.3,483.0,normal
74.1,-0.54,5.4,33.9,3.3,709.0,normal
71.2,-0.31,-13.8,17.2,5.5,582.0,normal
92.0,-1.95,2.7,14.7,7.8,719.0,normal
55.6,-0.99,4.8,45.2,6.6,256.0,normal
50.7,0.74,12.1,30.9,7.2,524.0,normal
28.5,-0.7,3.9,84.2,31.5,15.0,anomaly
79.1,-0.02,-68.1,64.4,3.8,403.0,anomaly
79.8,-0.32,46.1,47.9,1.4,439.0,anomaly
61.0,0.67,-2.4,40.7,2.8,317.0,normal
37.2,-0.55,9.8,93.1,32.7,24.0,anomaly
71.4,0.26,11.8,57.7,5.0,496.0,normal
70.0,0.06,17.6,82.9,8.0,410.0,normal
45.4,0.48,15.1,49.4,3.3,601.0,normal
95.1,-0.14,67.7,63.9,2.1,483.0,anomaly
75.2,0.56,-4.2,1.4,2.7,745.0,anomaly
111.0,0.08,58.6,38.5,6.4,336.0,anomaly
68.6,0.53,-14.1,73.7,48.4,37.0,anomaly
34.0,-0.96,-9.3,61.0,5.4,355.0,normal
24.3,-0.8,7.7,20.3,4.6,798.0,normal
67.6,0.6,-0.5,3.0,5.4,613.0,anomaly
25.1,0.02,16.3,36.2,3.9,653.0,normal
19.9,0.49,-18.7,63.4,6.3,726.0,normal
44.9,0.21,7.1,83.4,2.9,695.0,normal
24.9,0.22,8.6,38.2,3.9,273.0,normal
31.7,1.23,4.8,2.7,4.4,703.0,anomaly
89.9,-1.65,2.7,14.3,2.4,679.0,normal
66.0,-0.3,7.1,63.1,2.9,727.0,normal
25.9,-0.15,0.3,35.6,1.8,566.0,normal
57.9,0.73,-0.5,3.7,2.9,321.0,anomaly
62.9,-0.82,-3.3,89.7,7.6,480.0,normal
52.9,-0.63,-13.0,23.4,5.6,659.0,normal
87.8,0.16,88.1,19.3,7.2,546.0,anomaly
44.2,1.75,6.3,3.2,3.6,353.0,anomaly
108.7,-0.45,-87.0,86.6,3.1,246.0,anomaly
40.6,1.75,8.7,1.3,3.6,757.0,anomaly
58.1,-0.76,-7.9,60.3,36.9,34.0,anomaly
74.9,1.15,-4.8,2.4,6.1,205.0,anomaly
96.0,-1.73,-0.2,8.9,7.2,736.0,normal
64.7,0.62,14.7,92.6,4.6,501.0,normal
8.8,0.77,-6.3,73.1,20.8,38.0,anomaly
52.1,0.66,-11.7,15.9,2.0,740.0,normal
94.7,-0.26,72.0,85.2,5.7,695.0,anomaly
69.0,0.69,-7.2,85.5,1.3,558.0,normal
41.8,-0.14,-19.0,24.2,1.2,582.0,normal
20.9,1.95,-5.0,3.5,5.9,566.0,anomaly
22.9,0.18,-18.8,18.2,6.8,416.0,normal
72.4,-1.99,2.7,6.3,4.3,564.0,normal
21.5,-0.6,-10.1,41.0,36.7,34.0,anomaly
47.0,1.94,-2.0,4.2,2.3,603.0,anomaly
23.7,0.64,-6.7,3.1,2.1,781.0,anomaly
26.5,0.71,-11.7,21.0,1.5,764.0,normal
77.0,0.1,18.6,51.8,3.2,504.0,normal
24.9,1.19,-3.9,4.1,1.4,451.0,anomaly
69.4,0.16,-2.5,76.6,4.4,724.0,normal
53.8,0.52,-10.5,76.9,3.6,579.0,normal
105.0,0.23,55.1,69.5,4.3,314.0,anomaly
34.7,0.82,-4.9,96.9,1.6,612.0,normal
106.0,-1.65,-2.1,11.3,4.2,489.0,normal
52.3,0.88,14.8,80.1,6.5,599.0,normal
19.8,0.74,-2.2,58.8,3.5,556.0,normal
7.5,-0.26,-9.4,35.7,7.8,436.0,normal
114.3,-1.97,-1.1,7.8,3.1,790.0,normal
68.5,0.04,-17.5,85.7,5.2,269.0,normal
45.2,0.54,-0.0,16.0,1.1,414.0,normal
122.2,-1.91,4.5,7.2,3.3,654.0,normal
55.3,0.93,-4.3,26.1,40.2,39.0,anomaly
95.0,-0.34,-44.4,50.5,6.3,739.0,anomaly
12.9,0.64,13.3,58.1,1.0,372.0,normal
59.6,-0.54,-3.8,37.9,26.0,41.0,anomaly
31.6,-0.9,-3.9,72.3,33.5,40.0,anomaly
24.1,1.68,-4.3,2.4,5.8,399.0,anomaly
88.0,-1.76,-3.3,8.5,3.8,234.0,normal
115.1,-1.53,1.8,8.6,7.6,365.0,normal
70.3,1.7,9.2,2.9,4.4,441.0,anomaly
93.6,-1.7,-0.6,12.4,2.6,235.0,normal
58.6,-0.57,-18.8,37.3,5.2,231.0,normal
61.5,1.19,-5.5,3.2,2.8,547.0,anomaly
49.9,-0.18,2.1,52.1,3.1,769.0,normal
77.7,1.5,8.7,1.7,5.3,607.0,anomaly
35.6,1.95,-1.4,2.0,1.4,232.0,anomaly
111.5,-0.27,-69.4,78.5,2.5,236.0,anomaly
19.7,-0.68,-12.5,39.2,2.2,738.0,normal
72.1,-0.16,-8.9,65.3,7.4,326.0,normal
46.8,1.25,-5.1,2.6,5.6,651.0,anomaly
64.5,0.5,-12.6,32.8,3.6,491.0,normal
16.9,0.91,-19.6,99.8,5.7,697.0,normal
50.1,0.85,-19.2,55.5,5.8,634.0,normal
25.1,1.08,-8.6,1.4,2.6,481.0,anomaly
27.9,0.86,13.2,97.0,1.9,639.0,normal
12.5,-0.5,2.0,75.7,5.6,368.0,normal
65.4,-0.32,-9.6,47.3,5.1,361.0,normal
2.5,-0.22,-13.6,17.0,6.3,475.0,normal
67.0,-0.52,-12.2,57.9,43.1,12.0,anomaly
61.7,0.69,10.4,68.2,1.9,220.0,normal
53.5,0.6,17.3,16.7,24.6,45.0,anomaly
115.5,-1.86,-1.8,14.2,1.4,491.0,normal
43.7,-0.63,18.8,80.9,7.6,737.0,normal
36.7,0.13,6.5,72.7,48.0,50.0,anomaly
26.0,0.49,6.0,87.2,5.6,541.0,normal
27.8,-0.26,-19.9,40.5,5.5,785.0,normal
19.5,0.85,-17.6,94.4,3.5,261.0,normal
50.0,-0.24,-11.8,25.3,5.3,665.0,normal
74.9,0.49,43.6,99.0,7.8,676.0,anomaly
53.8,1.44,7.3,3.1,5.1,794.0,anomaly
65.2,1.37,8.1,4.1,6.3,233.0,anomaly
105.6,-0.48,75.1,42.5,5.7,534.0,anomaly
95.9,-0.12,-85.3,36.3,6.9,490.0,anomaly
58.9,0.73,-11.3,23.1,1.2,585.0,normal
50.6,1.25,-9.0,0.7,4.9,463.0,anomaly
36.9,0.27,6.4,91.1,5.5,568.0,normal
37.0,0.96,-0.7,88.4,5.1,425.0,normal
16.6,-0.95,-12.7,64.6,3.9,736.0,normal
76.9,0.38,-57.8,47.9,5.6,465.0,anomaly
0.0,-0.38,-10.4,34.9,22.0,17.0,anomaly
46.0,2.0,1.2,1.9,2.5,410.0,anomaly
60.3,-0.21,3.6,71.2,1.5,527.0,normal
1.6,-0.79,12.0,30.2,5.6,343.0,normal
57.3,0.32,-18.9,33.9,2.6,603.0,normal
100.8,-0.19,-66.5,42.6,1.3,363.0,anomaly
65.3,0.19,-4.3,55.2,45.6,24.0,anomaly
90.1,-0.11,-64.1,28.7,5.0,683.0,anomaly
65.8,-0.24,11.0,97.0,2.4,514.0,normal
35.6,-0.58,-18.0,86.7,7.9,676.0,normal
7.1,-0.56,3.9,77.5,8.0,760.0,normal
7.3,0.75,-9.4,26.0,7.2,773.0,normal
35.1,-0.25,-1.5,40.6,6.2,502.0,normal
46.0,-0.59,0.2,41.5,32.8,36.0,anomaly
55.8,2.0,5.4,2.3,6.8,302.0,anomaly
45.2,-0.87,11.0,53.5,4.7,464.0,normal
110.6,-1.85,-3.2,12.6,4.3,335.0,normal
50.6,0.86,-15.9,94.7,5.8,241.0,normal
21.8,0.81,-3.2,2.7,5.3,746.0,anomaly
63.2,-0.39,-16.8,49.3,2.2,617.0,normal
8.8,0.1,-1.8,86.8,1.7,493.0,normal
27.2,-0.86,-3.6,41.5,5.7,563.0,normal
53.2,0.05,-5.6,89.6,3.7,690.0,normal
62.4,-0.3,-17.7,97.4,7.2,757.0,normal
13.1,0.59,7.7,33.8,1.6,608.0,normal
39.5,-0.22,5.3,74.8,1.0,300.0,normal
64.6,0.52,11.9,52.0,6.7,272.0,normal
22.9,-0.59,10.5,47.9,4.6,495.0,normal
0.6,-0.19,-10.6,84.6,30.1,43.0,anomaly
63.8,-0.7,-10.8,76.4,6.0,585.0,normal
68.3,0.99,-5.8,0.9,4.3,489.0,anomaly
38.8,-0.94,0.2,96.9,3.7,223.0,normal
73.4,0.27,73.6,43.2,5.7,438.0,anomaly
106.4,-0.11,-48.2,23.1,3.2,258.0,anomaly
9.9,-0.38,17.0,28.7,49.0,18.0,anomaly
36.2,0.29,1.1,77.2,1.6,236.0,normal
78.3,1.34,4.3,0.8,3.9,270.0,anomaly
13.3,0.83,-6.9,46.6,42.8,24.0,anomaly
115.9,-0.25,-82.6,23.7,1.9,787.0,anomaly
76.9,-0.11,-0.4,44.9,47.3,33.0,anomaly
20.4,0.82,3.3,2.3,3.8,731.0,anomaly
15.7,-0.95,14.5,64.1,46.7,34.0,anomaly
103.8,0.0,38.8,22.6,5.2,405.0,anomaly
22.0,-0.21,-3.1,49.9,7.4,628.0,normal
112.1,-1.79,0.0,5.1,5.8,597.0,normal
59.4,1.95,2.1,0.8,1.5,771.0,anomaly
18.1,-0.29,-17.2,59.1,1.5,680.0,normal
64.8,-0.14,10.0,92.6,37.2,17.0,anomaly
76.5,0.0,-2.7,53.9,2.5,421.0,normal
67.1,-0.98,8.1,97.5,4.1,341.0,normal
6.4,0.05,-3.6,98.5,1.8,439.0,normal
13.6,0.04,-6.5,85.5,4.0,349.0,normal
21.6,-0.5,17.7,40.4,43.3,26.0,anomaly
48.1,1.2,5.2,1.2,4.4,458.0,anomaly
93.8,-0.34,-75.6,45.6,5.7,362.0,anomaly
6.3,-0.52,11.8,17.9,5.1,797.0,normal
129.0,-1.97,-4.0,12.2,3.0,311.0,normal
17.1,-0.43,-4.0,84.0,20.4,36.0,anomaly
49.4,0.41,-13.3,29.2,1.3,642.0,normal
115.4,-0.05,-57.7,94.5,2.8,272.0,anomaly
119.1,-0.46,-83.9,99.3,3.1,326.0,anomaly
60.9,-0.93,9.8,32.2,7.7,421.0,normal
57.8,1.1,5.0,2.8,5.7,457.0,anomaly
79.5,0.76,4.9,63.4,5.3,321.0,normal
72.3,-1.82,4.8,9.2,4.5,746.0,normal
39.5,0.66,-6.6,29.8,6.0,696.0,normal
3.5,0.27,18.1,66.1,6.7,731.0,normal
51.9,0.93,-0.1,1.8,5.2,460.0,anomaly
55.7,1.61,-9.4,3.4,4.7,262.0,anomaly
31.9,-0.71,-5.3,20.8,1.2,281.0,normal
41.4,-0.14,-7.3,51.9,6.4,561.0,normal
74.5,-0.21,-16.5,67.5,1.8,407.0,normal
59.4,-0.15,-6.2,46.5,7.9,224.0,normal
124.8,-1.69,0.5,7.5,3.4,711.0,normal
94.9,-0.48,-53.4,30.1,1.7,774.0,anomaly
9.5,-0.42,-4.1,93.2,8.0,227.0,normal
37.1,0.82,1.5,57.3,1.7,594.0,normal
31.9,1.13,5.0,0.9,2.9,366.0,anomaly
47.5,0.95,8.7,1.0,7.5,610.0,anomaly
94.3,-1.5,-4.5,10.8,1.6,293.0,normal
3.6,-0.12,13.8,37.3,32.7,12.0,anomaly
50.0,0.62,-17.2,43.5,29.4,35.0,anomaly
79.4,0.97,-3.2,0.8,4.1,357.0,anomaly
72.7,-0.26,10.1,91.2,45.4,17.0,anomaly
43.7,0.77,-6.9,4.1,1.3,452.0,anomaly
57.6,-0.43,15.2,19.2,26.9,46.0,anomaly
74.5,1.64,1.9,3.4,7.2,547.0,anomaly
107.4,-1.93,-1.9,7.0,7.4,656.0,normal
58.2,1.4,-6.4,3.6,4.2,601.0,anomaly
49.1,-0.16,17.3,88.6,1.3,216.0,normal
69.5,0.14,-18.8,94.1,5.8,606.0,normal
111.6,0.2,-76.4,89.2,4.5,638.0,anomaly
33.5,-0.23,0.8,19.0,2.2,643.0,normal
36.1,1.05,7.9,3.4,6.5,473.0,anomaly
43.9,0.38,6.1,34.1,6.0,342.0,normal
44.9,1.14,0.8,3.6,5.9,303.0,anomaly
55.8,-0.41,17.0,97.5,7.6,485.0,normal
129.4,-0.47,-68.2,71.1,5.8,272.0,anomaly
103.5,-1.97,4.7,10.1,3.0,482.0,normal
20.5,-0.56,-14.5,88.0,35.0,37.0,anomaly
49.1,-0.53,-0.7,51.5,22.2,14.0,anomaly
80.2,-0.37,41.8,59.1,2.7,415.0,anomaly
41.1,0.57,-4.1,67.9,7.0,770.0,normal
25.3,1.55,-2.6,2.4,1.2,356.0,anomaly
77.6,-0.81,6.9,52.7,7.1,306.0,normal
78.9,1.47,6.1,3.6,5.2,232.0,anomaly
90.6,-0.37,-40.2,85.7,7.4,590.0,anomaly
11.8,-0.98,5.2,53.1,1.9,775.0,normal
68.3,1.66,1.0,0.8,6.4,550.0,anomaly
47.7,0.99,-2.6,93.3,30.4,12.0,anomaly
69.1,-0.05,18.7,30.8,7.1,666.0,normal
49.0,0.75,9.0,25.2,7.3,240.0,normal
73.3,-0.14,-7.2,64.5,3.6,561.0,normal
19.1,0.52,10.4,41.6,32.3,18.0,anomaly
4.2,0.08,8.4,89.0,6.0,681.0,normal
36.5,0.57,-12.0,58.7,5.1,228.0,normal
56.8,1.91,3.2,0.8,3.5,530.0,anomaly
43.6,-0.68,7.6,29.2,29.3,30.0,anomaly
63.5,0.67,2.2,1.7,2.2,428.0,anomaly
80.7,0.3,72.3,61.5,4.3,753.0,anomaly
70.6,1.23,-3.3,4.0,4.2,310.0,anomaly
117.1,0.1,-57.8,96.4,4.8,563.0,anomaly
85.5,-0.47,69.7,51.2,4.8,305.0,anomaly
10.2,-0.7,-14.4,69.5,2.3,407.0,normal
115.8,0.02,-47.5,71.7,1.6,465.0,anomaly
75.7,1.89,-3.2,2.8,2.5,797.0,anomaly
30.8,-0.32,1.7,28.1,4.9,525.0,normal
38.4,1.03,2.4,2.0,6.1,443.0,anomaly
30.0,-0.81,3.1,18.1,4.3,526.0,normal
72.0,0.27,-6.4,44.7,6.1,738.0,normal
60.7,-0.95,-19.1,42.5,4.4,662.0,normal
33.9,0.47,17.4,93.7,4.2,268.0,normal
50.7,0.07,-16.4,86.0,3.2,312.0,normal
59.4,-0.66,-15.2,20.7,41.7,47.0,anomaly
13.1,-0.22,18.8,36.9,5.6,395.0,normal
56.7,-0.67,11.2,64.6,7.7,225.0,normal
19.0,0.02,-15.8,47.7,4.4,591.0,normal
65.1,0.23,-7.7,68.0,4.7,456.0,normal
67.8,0.79,-17.5,90.1,4.1,506.0,normal
94.7,-0.07,-53.2,63.0,7.0,321.0,anomaly
54.3,-0.28,3.7,15.9,5.5,748.0,normal
54.8,1.26,-7.1,3.2,2.9,493.0,anomaly
57.5,0.73,-12.8,83.0,4.9,438.0,normal
59.0,-0.1,-11.0,53.5,2.0,306.0,normal
7.6,0.37,-17.2,42.1,6.9,214.0,normal
58.3,-0.81,-2.9,17.5,4.4,597.0,normal
77.5,0.83,7.7,4.6,7.4,581.0,anomaly
27.4,0.64,-15.6,86.9,1.9,438.0,normal
74.1,-1.73,-0.8,13.8,2.4,696.0,normal
36.2,0.87,-8.7,2.5,6.1,564.0,anomaly
58.8,0.61,-8.7,30.1,6.3,684.0,normal
24.9,-0.35,9.2,69.2,7.2,483.0,normal
1.5,0.83,-15.3,64.0,2.9,533.0,normal
75.2,0.91,16.6,46.5,1.1,757.0,normal
57.1,-0.08,16.8,74.0,6.1,717.0,normal
76.0,0.2,9.7,58.0,5.4,243.0,normal
69.0,0.62,6.2,61.8,1.6,445.0,normal
78.1,0.29,17.4,40.8,43.5,41.0,anomaly
13.4,-0.79,5.5,75.1,1.2,762.0,normal
15.2,-0.92,-4.3,83.2,30.2,28.0,anomaly
2.0,0.93,13.4,74.2,3.9,304.0,normal
74.9,-0.9,-3.2,37.1,6.1,789.0,normal
116.8,0.06,49.4,74.1,5.0,678.0,anomaly
128.3,-0.32,-74.7,18.4,3.8,510.0,anomaly
105.3,-0.15,-79.0,62.1,6.8,579.0,anomaly
36.8,0.57,15.7,96.2,6.5,389.0,normal
105.1,0.04,-39.7,19.8,1.7,551.0,anomaly
46.4,0.07,4.3,80.0,6.7,631.0,normal
83.2,0.13,66.4,30.7,1.4,563.0,anomaly
42.4,-0.52,0.0,72.8,1.5,365.0,normal
59.8,-0.05,-17.7,96.4,7.6,671.0,normal
104.6,-1.83,3.1,7.4,2.6,503.0,normal
26.6,0.34,19.8,71.3,4.9,638.0,normal
54.7,-0.11,-9.1,99.8,4.0,471.0,normal
57.5,-0.41,2.7,55.5,5.6,762.0,normal
57.2,1.61,-6.6,1.4,7.2,650.0,anomaly
100.7,-0.02,-56.1,86.3,2.0,503.0,anomaly
29.2,-0.56,19.5,53.6,5.8,284.0,normal
102.7,-0.27,-70.1,84.7,1.3,499.0,anomaly
17.7,-0.92,-18.6,29.9,7.1,369.0,normal
26.5,0.0,5.8,58.4,23.6,22.0,anomaly
57.1,0.79,0.5,60.2,1.8,468.0,normal
39.4,1.85,7.8,1.9,7.3,798.0,anomaly
9.2,-0.23,-1.8,46.4,1.8,451.0,normal
4.6,0.73,4.0,75.2,1.1,782.0,normal
13.3,-0.24,4.7,97.4,41.8,47.0,anomaly
39.5,0.9,-6.2,3.6,2.5,557.0,anomaly
50.4,0.39,-1.8,68.3,5.1,741.0,normal
71.5,-0.54,-11.5,17.6,5.6,421.0,normal
48.5,-0.98,-15.9,71.4,1.0,296.0,normal
4.3,0.43,-1.0,87.2,31.5,17.0,anomaly
43.9,0.9,-5.9,2.6,2.9,372.0,anomaly
4.0,-0.85,-3.9,40.1,2.6,369.0,normal
31.8,-0.39,-17.4,34.4,2.7,490.0,normal
36.8,0.73,1.9,47.3,7.8,266.0,normal
9.1,0.34,0.8,80.6,4.6,711.0,normal
48.7,-0.3,-15.4,27.9,2.6,351.0,normal
22.0,1.82,-5.1,3.0,1.3,600.0,anomaly
60.5,0.04,-11.8,89.6,7.2,722.0,normal
66.9,0.1,-12.4,76.2,35.3,34.0,anomaly
55.4,0.68,17.8,73.1,4.5,571.0,normal
28.7,-0.77,14.5,68.0,3.3,238.0,normal
7.9,-0.2,12.0,32.3,4.9,640.0,normal
28.5,1.36,-6.3,1.7,2.5,310.0,anomaly
48.6,-0.38,13.0,96.2,6.7,201.0,normal
79.4,0.85,1.6,86.6,4.6,574.0,normal
73.4,-0.73,18.0,52.9,2.3,525.0,normal
61.0,0.18,-12.3,71.7,38.7,34.0,anomaly
87.3,-1.73,0.3,9.1,2.2,786.0,normal
30.1,1.82,1.1,1.5,4.5,639.0,anomaly
59.3,0.09,15.4,62.1,36.0,18.0,anomaly
41.8,-0.89,18.9,34.2,3.1,382.0,normal
129.3,-1.76,-3.2,13.9,4.2,626.0,normal
23.4,1.06,8.9,3.3,5.7,579.0,anomaly
58.2,0.2,9.3,80.4,49.3,33.0,anomaly
17.3,0.32,-4.2,70.4,1.7,595.0,normal
69.5,1.77,-5.0,3.0,1.5,257.0,anomaly
35.9,1.49,6.3,3.9,6.3,313.0,anomaly
125.0,-0.09,-42.9,75.8,3.1,515.0,anomaly
54.7,-0.85,14.0,57.1,4.4,555.0,normal
27.5,0.04,-2.4,89.8,35.2,30.0,anomaly
107.2,-0.31,-36.4,39.2,4.1,570.0,anomaly
52.5,-0.52,-12.3,93.1,1.7,504.0,normal
77.9,0.11,-81.7,18.8,6.1,405.0,anomaly
37.8,0.64,2.0,3.2,5.5,360.0,anomaly
30.0,0.25,0.1,87.8,5.6,298.0,normal
46.2,-0.29,11.5,36.3,4.9,415.0,normal
67.8,0.91,3.8,1.7,7.6,582.0,anomaly
106.2,-1.96,1.8,14.3,5.0,276.0,normal
103.2,0.07,46.6,78.1,1.2,413.0,anomaly
76.4,-0.96,-12.2,15.6,5.5,739.0,normal
65.4,0.72,-19.7,58.4,3.9,333.0,normal
23.8,0.13,7.6,89.2,5.5,657.0,normal
73.4,-0.42,-1.2,90.7,6.0,237.0,normal
6.6,0.21,-10.2,48.1,3.0,413.0,normal
44.3,-0.39,-4.1,53.0,5.2,509.0,normal
63.8,0.32,14.0,88.7,6.0,702.0,normal
40.6,0.75,-0.3,74.7,7.9,279.0,normal
63.7,0.48,5.8,28.2,36.4,13.0,anomaly
10.0,0.59,-9.0,89.6,7.6,289.0,normal
41.1,0.02,-5.2,94.3,6.8,618.0,normal
52.1,0.09,-17.5,58.6,6.6,476.0,normal
19.9,-0.37,12.4,89.4,29.1,44.0,anomaly
71.0,0.29,-8.6,84.4,7.0,708.0,normal
88.4,-0.46,67.4,48.8,7.8,527.0,anomaly
55.5,0.09,-9.9,44.4,2.3,745.0,normal
73.0,-0.07,80.8,83.5,2.6,336.0,anomaly
105.0,-1.56,-3.5,11.0,5.7,452.0,normal
71.7,-0.05,6.7,29.6,2.3,225.0,normal
72.2,0.7,6.7,65.4,7.2,311.0,normal
77.6,0.68,13.5,54.8,3.9,364.0,normal
64.9,0.27,-4.5,72.3,2.8,407.0,normal
14.9,0.61,-1.7,56.1,1.9,248.0,normal
26.1,0.04,-16.5,44.8,1.2,247.0,normal
5.8,0.24,19.2,31.2,6.5,745.0,normal
11.2,0.59,-11.9,28.9,2.1,689.0,normal
60.6,1.35,8.6,2.2,1.5,211.0,anomaly
64.6,0.79,-7.3,24.4,2.6,456.0,normal
121.0,-0.3,41.9,96.9,1.8,487.0,anomaly
35.3,0.78,-6.0,25.0,2.0,657.0,normal
42.6,-0.52,-9.2,47.1,1.1,393.0,normal
37.2,-0.88,2.5,96.4,2.2,614.0,normal
107.0,-1.98,-1.7,9.7,2.0,791.0,normal
67.1,-0.99,-10.1,78.0,3.2,261.0,normal
50.2,-0.84,14.9,93.3,1.4,366.0,normal
